"station","strikeDeg","dipDeg","rakeDeg","slipSense","color","Longitude","Latitude","type","width","comments"
"EY17-02",192,77,"","","fresh","-18.05786737","65.79783076","dike",NA,"fresh"
"EY17-02",20,79,"","","","-18.05786737","65.79783076","dike",NA,""
"EY17-02",192,89,"","","","-18.05786737","65.79783076","dike",NA,""
"EY17-04",244,82,"20","L","red, white","-18.07799489","65.87828316","Fault","",""
"EY17-04",188,79,"131","N","red","-18.07799489","65.87828316","Fault","",""
"EY17-04",13,66,"110","N","red","-18.07799489","65.87828316","Fault","",""
"EY17-04",245,69,"86","N","red","-18.07799489","65.87828316","Fault","",""
"EY17-04",230,68,"102","N","red","-18.07799489","65.87828316","Fault","",""
"EY17-04",7,60,"87","N","","-18.07799489","65.87828316","Fault","",""
"EY17-04",25,79,"","","","-18.07799489","65.87828316","dike","25",""
"EY17-05",344,80,"","","","-18.19061769","65.94443139","dike",NA,"same"
"EY17-05",329,81,"","","","-18.19061769","65.94443139","dike",NA,"same"
"EY17-06",194,80,"9","L","","-18.06603609","65.89817074","Fault","",""
"EY17-06",188,85,"108","N","","-18.06603609","65.89817074","Fault","",""
"EY17-06",168,90,"","","","-18.06603609","65.89817074","dike","200",""
"EY17-06",351,82,"","","fresh","-18.06603609","65.89817074","dike","100","fresh"
"EY17-06",205,88,"","","","-18.06603609","65.89817074","dike","100",""
"EY17-07",5,85,"","","","-18.03999733","65.73338091","dike",NA,"weathered"
"EY17-07",110,85,"","","","-18.03999733","65.73338091","dike","100",""
"EY17-07",168,85,"","","","-18.03999733","65.73338091","dike","20",""
"EY17-07",179,84,"","","","-18.03999733","65.73338091","dike","80",""
"EY18-08 A",153,84,"21","L","pink","-18.049624","65.679189","Fault","",""
"EY18-08 A",172,80,"","","","-18.049624","65.679189","dike","100",""
"EY18-08 C",15,15,"0","L","","-18.048118","65.678129","Fault","",""
"EY18-08 C",200,80,"0","L","","-18.048118","65.678129","Fault","",""
"EY18-08 C",195,82,"175","L","","-18.048118","65.678129","Fault","",""
"EY18-08 E",336,74,"18","R","brown (once red?)","-18.047496","65.677547","Fault","",""
"EY18-08 E",350,45,"18","R","","-18.047496","65.677547","Fault","",""
"EY18-08 E",340,43,"10","R","","-18.047496","65.677547","Fault","",""
"EY18-08 F",178,60,"10","L","green","-18.047414","65.676948","Fault","",""
"EY18-08 F",187,85,"","","","-18.047414","65.676948","dike",NA,""
"EY18-08 G",212,82,"0","L","","-18.047079","65.676412","Fault","",""
"EY18-08 H",211,80,"55","T","","-18.04694","65.676124","Fault","",""
"EY18-08 H",90,90,"","","","-18.04694","65.676124","dike","10",""
"EY18-08 I",45,90,"87","T","green","-18.046571","65.675671","Fault","",""
"EY18-08 I",220,70,"","","","-18.046571","65.675671","dike","130",""
"EY18-09",50,82,"","","","-18.061466","65.697806","dike","150",""
"EY18-09",190,90,"","","","-18.061466","65.697806","dike",NA,"dip bad"
"EY18-09",85,50,"","","","-18.061466","65.697806","dike","70","not great"
"EY18-10 A",172,90,"","","","-18.06234","65.798202","dike",NA,""
"EY18-10 B",169,70,"90","N","","-18.059504","65.796909","Fault","",""
"EY18-10 B",358,90,"55","T","","-18.059504","65.796909","Fault","",""
"EY18-10 B",21,68,"4","R","","-18.059504","65.796909","Fault","",""
"EY18-10 C",95,90,"105","T","","-18.059089","65.799175","Fault","",""
"EY18-10 C",9,88,"6","R","white","-18.059089","65.799175","Fault","",""
"EY18-10 C",48,90,"","","","-18.059089","65.799175","dike",NA,""
"EY18-10 C",175,85,"","","","-18.059089","65.799175","dike","500",""
"EY18-11",197,81,"","","","-18.054032","65.819115","dike",NA,""
"EY18-12",199,77,"65","N","","-18.071762","65.62994","Fault","",""
"EY18-12",183,17,"0","L","","-18.071762","65.62994","Fault","",""
"EY18-12",187,87,"24","L","","-18.071762","65.62994","Fault","",""
"EY18-12",198,79,"75","N","","-18.071762","65.62994","Fault","",""
"EY18-12",153,87,"6","R","white","-18.071762","65.62994","Fault","",""
"EY18-12",178,65,"145","R","white, tan","-18.071762","65.62994","Fault","",""
"EY18-12",3,90,"","","","-18.071762","65.62994","dike",NA,"wiggly"
"EY18-13",35,90,"6","R","white","-18.107966","65.695762","Fault","",""
"EY18-13",228,87,"12","L","red, green, white","-18.107966","65.695762","Fault","",""
"EY18-13",178,88,"0","L","","-18.107966","65.695762","Fault","",""
"EY18-13",4,90,"13","L","","-18.107966","65.695762","Fault","",""
"EY18-13",8,90,"5","L","","-18.107966","65.695762","Fault","",""
"EY18-13",196,79,"55","N","","-18.107966","65.695762","Fault","",""
"EY18-13",333,90,"180","R","red, white","-18.107966","65.695762","Fault","",""
"EY18-13",153,74,"168","R","green","-18.107966","65.695762","Fault","",""
"EY18-13",310,85,"145","R","","-18.107966","65.695762","Fault","",""
"EY18-13",326,86,"5","R","","-18.107966","65.695762","Fault","",""
"EY18-13",15,83,"","","","-18.107966","65.695762","dike","30",""
"EY18-13",10,90,"","","","-18.107966","65.695762","dike","30",""
"EY18-13",1,78,"","","","-18.107966","65.695762","dike","30",""
"EY18-13",19,86,"","","","-18.107966","65.695762","dike",NA,""
"EY18-13",5,90,"","","","-18.107966","65.695762","dike","1000",""
"EY18-13",160,75,"","","","-18.107966","65.695762","dike",NA,"wiggly surface"
"EY18-13",177,90,"","","","-18.107966","65.695762","dike","500",""
"EY18-13",195,86,"","","","-18.107966","65.695762","dike","50",""
"EY18-13",170,82,"","","","-18.107966","65.695762","dike","150","4 dikes"
"FL14-02",42,90,"","","","-17.88816","66.07976","dike",NA,""
"FL14-02",85,58,"","","","-17.88816","66.07976","dike",NA,""
"FL14-06",68,78,"","","","-17.89216","66.07969","dike","100",""
"FL14-06",45,85,"","","","-17.89216","66.07969","dike","200",""
"FL14-06",52,73,"","","","-17.89216","66.07969","dike",NA,"small"
"FL14-12",30,90,"","","","-18.27679","66.02864","dike","150","iffy"
"FL14-12",25,90,"","","","-18.27679","66.02864","dike","200",""
"FL14-12",355,83,"","","","-18.27679","66.02864","dike","15",""
"FL14-12",0,90,"","","","-18.27679","66.02864","dike","50",""
"FL14-12",350,90,"","","","-18.27679","66.02864","dike","150",""
"FL14-12",15,80,"","","","-18.27679","66.02864","dike","200",""
"FL14-12",15,74,"","","","-18.27679","66.02864","dike",NA,""
"FL14-12",30,90,"","","","-18.27679","66.02864","dike",NA,""
"FL14-12",20,90,"","","","-18.27679","66.02864","dike",NA,""
"FL16-66 A",356,78,"55","T","","-17.90688659","66.13710703","Fault","",""
"FL16-66 A",30,78,"","","","-17.90688659","66.13710703","dike","500",""
"FL16-66 B",120,68,"158","L","","-17.91623252","66.13894048","Fault","",""
"FL16-66 B",310,90,"33","L","","-17.91623252","66.13894048","Fault","",""
"FL16-66 B",42,74,"16","L","","-17.91623252","66.13894048","Fault","",""
"FL16-66 B",88,65,"168","R","","-17.91623252","66.13894048","Fault","",""
"FL16-66 B",313,70,"149","R","","-17.91623252","66.13894048","Fault","",""
"FL16-66 B",30,80,"","","","-17.91623252","66.13894048","dike",NA,""
"FL17-67",90,60,"30","L","","-17.89332856","66.13187105","Fault","",""
"FL17-67",335,82,"28","L","","-17.89332856","66.13187105","Fault","",""
"FL17-67",343,81,"10","L","red","-17.89332856","66.13187105","Fault","",""
"FL17-67",335,90,"21","L","","-17.89332856","66.13187105","Fault","",""
"FL17-67",26,71,"28","L","","-17.89332856","66.13187105","Fault","",""
"FL17-67",94,56,"162","L","","-17.89332856","66.13187105","Fault","",""
"FL17-67",105,67,"163","L","","-17.89332856","66.13187105","Fault","",""
"FL17-67",155,84,"162","L","","-17.89332856","66.13187105","Fault","",""
"FL17-67",343,84,"12","L","","-17.89332856","66.13187105","Fault","",""
"FL17-67",64,55,"8","L","","-17.89332856","66.13187105","Fault","",""
"FL17-67",47,86,"6","L","","-17.89332856","66.13187105","Fault","",""
"FL17-67",122,8,"55","N","","-17.89332856","66.13187105","Fault","",""
"FL17-67",332,72,"41","L","","-17.89332856","66.13187105","Fault","",""
"FL17-67",143,75,"121","N","","-17.89332856","66.13187105","Fault","",""
"FL17-67",45,61,"8","R","","-17.89332856","66.13187105","Fault","",""
"FL17-67",52,46,"180","R","","-17.89332856","66.13187105","Fault","",""
"FL17-67",138,78,"166","R","","-17.89332856","66.13187105","Fault","",""
"FL17-67",110,80,"2","R","","-17.89332856","66.13187105","Fault","",""
"FL17-67",110,78,"167","R","purple, green","-17.89332856","66.13187105","Fault","",""
"FL17-67",257,79,"7","R","red","-17.89332856","66.13187105","Fault","",""
"FL17-67",135,80,"160","R","","-17.89332856","66.13187105","Fault","",""
"FL17-67",135,40,"170","L","red","-17.89332856","66.13187105","Fault","",""
"FL17-67",144,73,"","","fresh","-17.89332856","66.13187105","dike","20","fresh, undefm"
"FL17-67",135,70,"","","","-17.89332856","66.13187105","dike",NA,"sheared"
"FL17-67",140,50,"","","","-17.89332856","66.13187105","dike",NA,"intradike"
"FL17-67",235,65,"","","","-17.89332856","66.13187105","dike","5",""
"FL17-67",135,60,"","","veins","-17.89332856","66.13187105","dike","300","vein shot"
"FL17-67",145,60,"","","","-17.89332856","66.13187105","dike",NA,""
"FL17-67",135,72,"","","","-17.89332856","66.13187105","dike",NA,""
"FL17-68",310,72,"12","L","","-17.91623252","66.13894048","Fault","",""
"FL17-68",55,82,"178","L","","-17.91623252","66.13894048","Fault","",""
"FL17-68",46,78,"22","L","","-17.91623252","66.13894048","Fault","",""
"FL17-68",30,68,"18","L","green","-17.91623252","66.13894048","Fault","",""
"FL17-68",54,70,"0","L","green","-17.91623252","66.13894048","Fault","",""
"FL17-68",30,74,"174","L","green","-17.91623252","66.13894048","Fault","",""
"FL17-68",15,66,"18","L","green","-17.91623252","66.13894048","Fault","",""
"FL17-68",68,72,"10","L","","-17.91623252","66.13894048","Fault","",""
"FL17-68",35,90,"12","L","","-17.91623252","66.13894048","Fault","",""
"FL17-68",143,76,"150","L","red","-17.91623252","66.13894048","Fault","",""
"FL17-68",123,64,"165","L","","-17.91623252","66.13894048","Fault","",""
"FL17-68",118,65,"150","L","","-17.91623252","66.13894048","Fault","",""
"FL17-68",288,90,"18","R","","-17.91623252","66.13894048","Fault","",""
"FL17-68",4,80,"19","L","","-17.91623252","66.13894048","Fault","",""
"FL17-68",25,80,"169","L","","-17.91623252","66.13894048","Fault","",""
"FL17-68",294,82,"41","L","","-17.91623252","66.13894048","Fault","",""
"FL17-68",45,88,"168","R","","-17.91623252","66.13894048","Fault","",""
"FL17-68",323,78,"24","R","","-17.91623252","66.13894048","Fault","",""
"FL17-68",36,60,"28","R","","-17.91623252","66.13894048","Fault","",""
"FL17-68",344,68,"170","R","","-17.91623252","66.13894048","Fault","",""
"FL17-68",340,90,"10","R","","-17.91623252","66.13894048","Fault","",""
"FL17-68",350,82,"17","R","","-17.91623252","66.13894048","Fault","",""
"FL17-68",294,62,"9","R","","-17.91623252","66.13894048","Fault","",""
"FL17-68",348,72,"160","R","","-17.91623252","66.13894048","Fault","",""
"FL17-68",27,75,"166","R","","-17.91623252","66.13894048","Fault","",""
"FL17-68",29,88,"166","R","","-17.91623252","66.13894048","Fault","",""
"FL17-68",25,62,"154","R","red","-17.91623252","66.13894048","Fault","",""
"FL17-68",343,82,"9","R","red","-17.91623252","66.13894048","Fault","",""
"FL17-68",97,80,"161","R","","-17.91623252","66.13894048","Fault","",""
"FL17-68",10,62,"169","R","","-17.91623252","66.13894048","Fault","",""
"FL17-68",139,67,"123","T","","-17.91623252","66.13894048","Fault","",""
"FL17-68",153,45,"127","T","","-17.91623252","66.13894048","Fault","",""
"FL17-68",7,71,"35","R","","-17.91623252","66.13894048","Fault","",""
"FL17-68",254,40,"33","R","red","-17.91623252","66.13894048","Fault","",""
"FL17-68",30,64,"151","L","","-17.91623252","66.13894048","Fault","",""
"FL17-68",110,80,"","","","-17.91623252","66.13894048","dike","400",""
"FL17-69",197,88,"133","T","red","-17.95637266","66.14892788","Fault","",""
"FL17-69",64,52,"3","L","","-17.95637266","66.14892788","Fault","",""
"FL17-69",315,55,"10","L","","-17.95637266","66.14892788","Fault","",""
"FL17-69",133,84,"153","L","","-17.95637266","66.14892788","Fault","",""
"FL17-69",38,51,"97","N","","-17.95637266","66.14892788","Fault","",""
"FL17-69",36,31,"123","N","","-17.95637266","66.14892788","Fault","",""
"FL17-69",66,79,"16","R","","-17.95637266","66.14892788","Fault","",""
"FL17-69",346,87,"22","L","","-17.95637266","66.14892788","Fault","",""
"FL17-69",50,72,"","","black","-17.95637266","66.14892788","dike",NA,"black, unfractured"
"FL17-69",105,62,"","","black","-17.95637266","66.14892788","dike",NA,"black, faulted"
"FL17-69",39,79,"","","green","-17.95637266","66.14892788","dike","25","green, xcuts next"
"FL17-69",60,50,"","","","-17.95637266","66.14892788","dike",NA,""
"FL17-69",26,70,"","","","-17.95637266","66.14892788","dike","20","chewed, eroding"
"FL17-69",96,62,"","","","-17.95637266","66.14892788","dike","40","jags, photo"
"FL17-69",60,79,"","","","-17.95637266","66.14892788","dike",NA,"faulted"
"FL17-70",39,58,"35","L","","-17.90688659","66.13710703","Fault","",""
"FL17-70",38,70,"22","L","","-17.90688659","66.13710703","Fault","",""
"FL17-70",41,62,"35","L","red","-17.90688659","66.13710703","Fault","",""
"FL17-70",26,90,"31","L","","-17.90688659","66.13710703","Fault","",""
"FL17-70",54,75,"161","L","","-17.90688659","66.13710703","Fault","",""
"FL17-70",43,71,"18","L","","-17.90688659","66.13710703","Fault","",""
"FL17-70",54,76,"9","L","","-17.90688659","66.13710703","Fault","",""
"FL17-70",69,69,"30","L","","-17.90688659","66.13710703","Fault","",""
"FL17-70",21,85,"27","L","","-17.90688659","66.13710703","Fault","",""
"FL17-70",174,90,"141","L","","-17.90688659","66.13710703","Fault","",""
"FL17-70",38,60,"51","N","green","-17.90688659","66.13710703","Fault","",""
"FL17-70",163,76,"125","N","","-17.90688659","66.13710703","Fault","",""
"FL17-70",332,68,"8","R","","-17.90688659","66.13710703","Fault","",""
"FL17-70",73,59,"111","T","","-17.90688659","66.13710703","Fault","",""
"FL17-70",177,77,"110","N","","-17.90688659","66.13710703","Fault","",""
"FL17-70",177,77,"70","N","","-17.90688659","66.13710703","Fault","",""
"FL17-70",25,72,"56","N","","-17.90688659","66.13710703","Fault","",""
"FL17-70",90,58,"","","black","-17.90688659","66.13710703","dike","30","black, no veins"
"FL17-70",15,85,"","","","-17.90688659","66.13710703","dike","100","photo, faulted"
"FL17-71",49,80,"20","L","","-17.93075641","66.14655441","Fault","",""
"FL17-71",335,62,"11","L","","-17.93075641","66.14655441","Fault","",""
"FL17-71",50,61,"145","L","gouge","-17.93075641","66.14655441","Fault","",""
"FL17-71",25,48,"90","N","","-17.93075641","66.14655441","Fault","",""
"FL17-71",204,77,"68","N","","-17.93075641","66.14655441","Fault","",""
"FL17-71",44,36,"115","N","","-17.93075641","66.14655441","Fault","",""
"FL17-71",31,44,"142","R","","-17.93075641","66.14655441","Fault","",""
"FL17-71",21,54,"172","R","","-17.93075641","66.14655441","Fault","",""
"FL17-71",100,90,"105","T","","-17.93075641","66.14655441","Fault","",""
"FL17-71",97,78,"137","L","","-17.93075641","66.14655441","Fault","",""
"FL17-71",76,46,"170","L","white","-17.93075641","66.14655441","Fault","",""
"FL17-71",146,86,"","","","-17.93075641","66.14655441","dike",NA,"mostly endeformed"
"FL17-71",134,57,"","","","-17.93075641","66.14655441","dike","30","used as fault"
"FL17-71",309,75,"","","","-17.93075641","66.14655441","dike",NA,""
"FL17-71",50,60,"","","","-17.93075641","66.14655441","dike","100","bound by B.Z."
"FL17-71",130,81,"","","","-17.93075641","66.14655441","dike","100",""
"FL17-72",121,75,"167","L","","-17.92234948","66.14311515","Fault","",""
"FL17-72",100,74,"160","L","pink","-17.92234948","66.14311515","Fault","",""
"FL17-72",7,62,"69","N","","-17.92234948","66.14311515","Fault","",""
"FL17-72",122,86,"","","brown","-17.92234948","66.14311515","dike",NA,"brown, faulty, zone of several"
"FL17-72",48,78,"","","black","-17.92234948","66.14311515","dike","40","black, defm"
"FL17-72",95,78,"","","clack","-17.92234948","66.14311515","dike","100","black, fresh"
"FL17-72",99,76,"","","","-17.92234948","66.14311515","dike","50",""
"FL17-72",330,78,"","","","-17.92234948","66.14311515","dike","200",""
"FL17-72",95,83,"","","","-17.92234948","66.14311515","dike","100",""
"FL17-72",280,87,"","","","-17.92234948","66.14311515","dike","100",""
"FL17-72",96,62,"","","","-17.92234948","66.14311515","dike","700"," zone of 3-4"
"FL17-73",263,85,"150","L","","-17.92131584","66.11929182","Fault","",""
"FL17-73",115,77,"167","L","","-17.92131584","66.11929182","Fault","",""
"FL17-73",342,64,"90","N","","-17.92131584","66.11929182","Fault","",""
"FL17-73",10,79,"87","N","","-17.92131584","66.11929182","Fault","",""
"FL17-73",95,72,"158","R","","-17.92131584","66.11929182","Fault","",""
"FL17-73",347,34,"154","R","","-17.92131584","66.11929182","Fault","",""
"FL17-73",120,90,"","","","-17.92131584","66.11929182","dike",NA,"photo, near pmag"
"FL17-73",115,67,"","","","-17.92131584","66.11929182","dike",NA,""
"FL17-74",141,50,"173","L","","-17.89235939","66.13333474","Fault","",""
"FL17-74",160,76,"170","L","red","-17.89235939","66.13333474","Fault","",""
"FL17-74",146,57,"3","L","","-17.89235939","66.13333474","Fault","",""
"FL17-74",127,65,"162","L","","-17.89235939","66.13333474","Fault","",""
"FL17-74",11,71,"22","L","","-17.89235939","66.13333474","Fault","",""
"FL17-74",347,79,"95","N","","-17.89235939","66.13333474","Fault","",""
"FL17-74",16,87,"104","N","","-17.89235939","66.13333474","Fault","",""
"FL17-74",17,71,"96","N","","-17.89235939","66.13333474","Fault","",""
"FL17-74",18,61,"87","N","","-17.89235939","66.13333474","Fault","",""
"FL17-74",107,79,"144","R","","-17.89235939","66.13333474","Fault","",""
"FL17-74",164,83,"140","R","","-17.89235939","66.13333474","Fault","",""
"FL17-74",1,74,"69","N","","-17.89235939","66.13333474","Fault","",""
"FL17-74",33,60,"49","N","","-17.89235939","66.13333474","Fault","",""
"FL17-74",15,60,"50","N","","-17.89235939","66.13333474","Fault","",""
"FL17-74",359,58,"158","R","","-17.89235939","66.13333474","Fault","",""
"FL17-74",357,74,"127","N","","-17.89235939","66.13333474","Fault","",""
"FL17-74",323,80,"139","R","","-17.89235939","66.13333474","Fault","",""
"FL17-74",13,49,"120","N","","-17.89235939","66.13333474","Fault","",""
"FL17-74",80,82,"12","R","","-17.89235939","66.13333474","Fault","",""
"FL17-74",115,54,"15","R","","-17.89235939","66.13333474","Fault","",""
"FL17-74",25,90,"112","N","","-17.89235939","66.13333474","Fault","",""
"FL17-74",160,69,"77","T","","-17.89235939","66.13333474","Fault","",""
"FL17-74",2,83,"94","T","","-17.89235939","66.13333474","Fault","",""
"FL17-74",154,83,"66","T","","-17.89235939","66.13333474","Fault","",""
"FL17-74",21,71,"120","N","","-17.89235939","66.13333474","Fault","",""
"FL17-74",23,70,"65","N","","-17.89235939","66.13333474","Fault","",""
"FL17-74",232,50,"","","red","-17.89235939","66.13333474","dike","100","reddish"
"FL17-74",114,60,"","","black","-17.89235939","66.13333474","dike",NA,"black, fresh"
"FL17-74",136,60,"","","brown","-17.89235939","66.13333474","dike","300","brown, fractured"
"FL17-74",75,40,"","","brown","-17.89235939","66.13333474","dike",NA,"brown, thick package"
"FL17-74",72,38,"","","","-17.89235939","66.13333474","dike","1000",""
"FL17-74",99,60,"","","brown","-17.89235939","66.13333474","dike",NA,"brown"
"FL17-75 A",212,90,"6","L","","-17.88747278","66.11715104","Fault","",""
"FL17-75 A",204,66,"16","L","","-17.88747278","66.11715104","Fault","",""
"FL17-75 A",245,80,"170","L","","-17.88747278","66.11715104","Fault","",""
"FL17-75 A",25,87,"29","R","","-17.88747278","66.11715104","Fault","",""
"FL17-75 B",40,51,"12","L","","-17.88372768","66.11556964","Fault","",""
"FL17-75 B",63,70,"23","L","","-17.88372768","66.11556964","Fault","",""
"FL17-75 B",72,63,"27","L","gouge","-17.88372768","66.11556964","Fault","",""
"FL17-75 B",33,70,"32","L","gouge","-17.88372768","66.11556964","Fault","",""
"FL17-75 B",178,22,"","","black","-17.88372768","66.11556964","dike","8","black, wee"
"FL17-75 B",135,70,"","","brown","-17.88372768","66.11556964","dike",NA,"brown, thick"
"FL17-75 B",120,72,"","","","-17.88372768","66.11556964","dike",NA,"margin of prev, black"
"FL17-75 B",120,70,"","","","-17.88372768","66.11556964","dike","50",""
"FL17-75 B",152,21,"","","fresh","-17.88372768","66.11556964","dike","10","fresh"
"FL17-76",111,85,"155","L","","-18.12150083","66.16095662","Fault","",""
"FL17-76",112,80,"144","L","","-18.12150083","66.16095662","Fault","",""
"FL17-76",291,75,"35","L","","-18.12150083","66.16095662","Fault","",""
"FL17-76",280,60,"170","R","","-18.12150083","66.16095662","Fault","",""
"FL17-76",304,68,"41","R","","-18.12150083","66.16095662","Fault","",""
"FL17-76",105,60,"","","fresh, black","-18.12150083","66.16095662","dike","100","black, fresh"
"FL17-76",110,60,"","","black","-18.12150083","66.16095662","dike","30","black, tiny"
"FL17-76",86,47,"","","","-18.12150083","66.16095662","dike","100",""
"FL17-76",65,36,"","","","-18.12150083","66.16095662","dike",NA,"photo, offset by fault"
"FL17-77",284,57,"22","L","red","-18.15172857","66.16689491","Fault","",""
"FL17-77",60,67,"100","N","","-18.15172857","66.16689491","Fault","",""
"FL17-77",185,41,"48","N","","-18.15172857","66.16689491","Fault","",""
"FL17-77",130,27,"42","L","","-18.15172857","66.16689491","Fault","",""
"FL17-77",6,42,"7","R","","-18.15172857","66.16689491","Fault","",""
"FL17-77",5,50,"4","R","","-18.15172857","66.16689491","Fault","",""
"FL17-77",260,76,"31","R","red","-18.15172857","66.16689491","Fault","",""
"FL17-77",305,59,"24","R","","-18.15172857","66.16689491","Fault","",""
"FL17-77",14,52,"168","R","red","-18.15172857","66.16689491","Fault","",""
"FL17-77",32,62,"158","R","","-18.15172857","66.16689491","Fault","",""
"FL17-77",15,76,"168","R","pink","-18.15172857","66.16689491","Fault","",""
"FL17-77",70,81,"148","R","","-18.15172857","66.16689491","Fault","",""
"FL17-77",197,68,"128","T","","-18.15172857","66.16689491","Fault","",""
"FL17-77",327,45,"116","T","red","-18.15172857","66.16689491","Fault","",""
"FL17-77",24,51,"36","R","","-18.15172857","66.16689491","Fault","",""
"FL17-77",50,63,"","","","-18.15172857","66.16689491","dike","150","photo"
"FL17-78",137,90,"","","black","-18.17227146","66.169146","dike",NA,"black, crazy"
"FL17-78",282,90,"","","","-18.17227146","66.169146","dike","500","packet"
"FL17-78",105,86,"","","","-18.17227146","66.169146","dike",NA,"defm"
"FL17-78",101,85,"","","","-18.17227146","66.169146","dike",NA,"wiggles, coarse"
"FL17-79",206,35,"7","L","","-18.14964571","66.16316545","Fault","",""
"FL17-79",188,57,"164","L","","-18.14964571","66.16316545","Fault","",""
"FL17-79",220,46,"160","L","red","-18.14964571","66.16316545","Fault","",""
"FL17-79",65,63,"37","L","","-18.14964571","66.16316545","Fault","",""
"FL17-79",175,72,"25","R","","-18.14964571","66.16316545","Fault","",""
"FL17-79",335,37,"22","R","red","-18.14964571","66.16316545","Fault","",""
"FL17-79",170,41,"16","R","white","-18.14964571","66.16316545","Fault","",""
"FL17-79",56,61,"173","R","","-18.14964571","66.16316545","Fault","",""
"FL17-79",25,46,"175","R","","-18.14964571","66.16316545","Fault","",""
"FL17-79",72,80,"130","T","","-18.14964571","66.16316545","Fault","",""
"FL17-79",42,52,"","","","-18.14964571","66.16316545","dike","50",""
"FL17-79",98,84,"","","brown","-18.14964571","66.16316545","dike","600","brown"
"FL17-79",83,78,"","","","-18.14964571","66.16316545","dike",NA,"same"
"FL17-79",84,66,"","","","-18.14964571","66.16316545","dike","400",""
"FL17-80",44,65,"156","L","","-18.09602781","66.16494288","Fault","",""
"FL17-80",62,63,"140","L","","-18.09602781","66.16494288","Fault","",""
"FL17-80",69,45,"71","N","","-18.09602781","66.16494288","Fault","",""
"FL17-80",357,45,"87","N","","-18.09602781","66.16494288","Fault","",""
"FL17-80",191,78,"76","N","red","-18.09602781","66.16494288","Fault","",""
"FL17-80",15,49,"98","N","","-18.09602781","66.16494288","Fault","",""
"FL17-80",14,33,"93","N","red","-18.09602781","66.16494288","Fault","",""
"FL17-80",90,81,"","","","-18.09602781","66.16494288","dike","20","undeformed"
"FL17-80",332,85,"","","","-18.09602781","66.16494288","dike",NA,"squiggly"
"FL17-80",320,85,"","","black","-18.09602781","66.16494288","dike","300","black, undeformed"
"FL17-80",302,82,"","","","-18.09602781","66.16494288","dike","800","same package"
"FL17-80",54,43,"","","","-18.09602781","66.16494288","dike",NA,"faulted"
"FL17-80",295,90,"","","","-18.09602781","66.16494288","dike","200","photo"
"FL17-80",283,88,"","","","-18.09602781","66.16494288","dike","200",""
"FL17-81",54,60,"170","L","pink","-18.08256505","66.15512832","Fault","",""
"FL17-81",63,74,"15","L","","-18.08256505","66.15512832","Fault","",""
"FL17-81",325,56,"23","L","","-18.08256505","66.15512832","Fault","",""
"FL17-81",30,67,"158","R","","-18.08256505","66.15512832","Fault","",""
"FL17-81",26,71,"168","R","","-18.08256505","66.15512832","Fault","",""
"FL17-81",0,42,"90","T","red","-18.08256505","66.15512832","Fault","",""
"FL17-81",85,78,"","","fresh","-18.08256505","66.15512832","dike",NA,"photo, fresh, fracd to breccia"
"FL17-81",95,80,"","","","-18.08256505","66.15512832","dike",NA,""
"FL17-82",39,50,"","","","-18.08264877","66.14932518","dike","400",""
"FL17-82",95,85,"","","","-18.08264877","66.14932518","dike","30","faulted"
"FL17-82",84,83,"","","","-18.08264877","66.14932518","dike","100","faulted"
"FL17-82",87,82,"","","","-18.08264877","66.14932518","dike","200",""
"FL17-82",110,78,"","","fresh","-18.08264877","66.14932518","dike",NA,"fresh"
"FL17-82",272,88,"","","","-18.08264877","66.14932518","dike",NA,""
"FL17-83",43,67,"172","L","","-18.05750394","66.14296221","Fault","",""
"FL17-83",20,66,"38","L","","-18.05750394","66.14296221","Fault","",""
"FL17-83",83,75,"152","L","","-18.05750394","66.14296221","Fault","",""
"FL17-83",68,52,"163","L","","-18.05750394","66.14296221","Fault","",""
"FL17-83",21,40,"75","N","","-18.05750394","66.14296221","Fault","",""
"FL17-84",9,48,"80","N","","-18.06827921","66.12967757","Fault","",""
"FL17-84",18,50,"92","N","","-18.06827921","66.12967757","Fault","",""
"FL17-84",70,73,"148","R","","-18.06827921","66.12967757","Fault","",""
"FL17-85",33,66,"177","L","","-18.07522887","66.07471276","Fault","",""
"FL17-85",45,62,"10","L","","-18.07522887","66.07471276","Fault","",""
"FL17-85",28,62,"170","L","","-18.07522887","66.07471276","Fault","",""
"FL17-85",20,64,"8","L","","-18.07522887","66.07471276","Fault","",""
"FL17-85",8,80,"155","L","","-18.07522887","66.07471276","Fault","",""
"FL17-85",150,86,"28","L","","-18.07522887","66.07471276","Fault","",""
"FL17-85",16,74,"172","L","","-18.07522887","66.07471276","Fault","",""
"FL17-85",330,90,"58","T","","-18.07522887","66.07471276","Fault","",""
"FL17-85",146,84,"9","R","","-18.07522887","66.07471276","Fault","",""
"FL17-85",334,83,"9","R","","-18.07522887","66.07471276","Fault","",""
"FL17-85",137,90,"10","R","","-18.07522887","66.07471276","Fault","",""
"FL17-85",21,68,"161","L","","-18.07522887","66.07471276","Fault","",""
"FL17-85",46,78,"128","T","","-18.07522887","66.07471276","Fault","",""
"FL17-85",40,80,"","","","-18.07522887","66.07471276","dike","50",""
"FL17-85",45,80,"","","","-18.07522887","66.07471276","dike","100","undefm"
"FL17-85",10,73,"","","","-18.07522887","66.07471276","dike",NA,""
"FL17-86",62,80,"170","L","","-17.86717659","66.05789745","Fault","",""
"FL17-86",309,64,"38","L","","-17.86717659","66.05789745","Fault","",""
"FL17-86",48,84,"17","R","","-17.86717659","66.05789745","Fault","",""
"FL17-86",165,85,"","","","-17.86717659","66.05789745","dike","200",""
"FL17-86",158,77,"","","","-17.86717659","66.05789745","dike",NA,""
"FL17-88",62,50,"174","L","","-17.86407685","66.048646","Fault","",""
"FL17-88",87,80,"170","L","","-17.86407685","66.048646","Fault","",""
"FL17-88",349,86,"","","fresh","-17.86407685","66.048646","dike",NA,"very fresh"
"FL17-90",75,72,"","","","-17.85496176","66.00713319","dike",NA,""
"FL17-91",245,78,"172","L","","-17.84852317","65.99147772","Fault","",""
"FL17-91",210,86,"16","R","","-17.84852317","65.99147772","Fault","",""
"FL17-91",190,72,"13","R","","-17.84852317","65.99147772","Fault","",""
"FL17-92",218,90,"171","L","","-17.85370812","65.98251449","Fault","",""
"FL17-92",194,70,"3","L","","-17.85370812","65.98251449","Fault","",""
"FL17-92",270,80,"38","L","","-17.85370812","65.98251449","Fault","",""
"FL17-92",261,81,"64","N","","-17.85370812","65.98251449","Fault","",""
"FL17-92",290,57,"90","N","","-17.85370812","65.98251449","Fault","",""
"FL17-92",25,80,"144","R","","-17.85370812","65.98251449","Fault","",""
"FL17-92",222,66,"107","T","black","-17.85370812","65.98251449","Fault","",""
"FL17-92",105,76,"105","T","","-17.85370812","65.98251449","Fault","",""
"FL17-93",200,40,"","","","-17.85291035","65.97828427","dike",NA,"very thick"
"FL17-93",215,63,"","","","-17.85291035","65.97828427","dike",NA,""
"FL18-100 A",0,85,"","","no fractures or veins","-18.061193","65.898733","dike","200",""
"FL18-100 A",200,90,"","","","-18.061193","65.898733","dike","400",""
"FL18-100 C",345,80,"","","","-18.05875","65.897891","dike","100",""
"FL18-100 C",205,83,"","","","-18.05875","65.897891","dike","200",""
"FL18-100 D",178,90,"","","","-18.057814","65.897585","dike",NA,""
"FL18-100 F",53,50,"","","","-18.056413","65.897125","dike","4",""
"FL18-100 F",54,40,"","","","-18.056413","65.897125","dike","100",""
"FL18-100 F",358,85,"","","","-18.056413","65.897125","dike","50",""
"FL18-100 G",336,77,"32","L","red","-18.055419","65.896778","Fault","",""
"FL18-100 G",62,56,"32","L","red shiney","-18.055419","65.896778","Fault","",""
"FL18-100 G",135,80,"160","L","red","-18.055419","65.896778","Fault","",""
"FL18-100 G",284,56,"90","T","red","-18.055419","65.896778","Fault","",""
"FL18-100 G",330,72,"50","N","","-18.055419","65.896778","Fault","",""
"FL18-100 G",316,53,"50","N","","-18.055419","65.896778","Fault","",""
"FL18-100 G",326,70,"48","N","","-18.055419","65.896778","Fault","",""
"FL18-100 G",275,90,"16","R","red","-18.055419","65.896778","Fault","",""
"FL18-100 G",328,86,"10","R","red, yellow","-18.055419","65.896778","Fault","",""
"FL18-100 H",20,90,"","","","-18.05425","65.896486","dike","50",""
"FL18-100 H",30,90,"","","","-18.05425","65.896486","dike","10",""
"FL18-100 H",35,85,"","","","-18.05425","65.896486","dike","10",""
"FL18-100 H",15,90,"","","","-18.05425","65.896486","dike","1000",""
"FL18-100 H",210,80,"","","","-18.05425","65.896486","dike","5","not great"
"FL18-100 H",210,80,"","","","-18.05425","65.896486","dike","1000","not great"
"FL18-100 H",158,72,"","","","-18.05425","65.896486","dike","30",""
"FL18-100 H",150,90,"","","","-18.05425","65.896486","dike","10",""
"FL18-100 I",144,85,"120","T","","-18.052393","65.896107","Fault","",""
"FL18-100 I",140,82,"170","L","red, orange","-18.052393","65.896107","Fault","",""
"FL18-100 I",5,76,"","","","-18.052393","65.896107","dike","50",""
"FL18-101",355,90,"","","","-18.038735","65.892016","dike",NA,"not great"
"FL18-101",40,90,"","","","-18.038735","65.892016","dike","200","unsure"
"FL18-67",342,87,"35","L","green",NA,NA,"Fault","",""
"FL18-67",45,61,"36","L","red, green",NA,NA,"Fault","",""
"FL18-67",56,70,"5","L","green",NA,NA,"Fault","",""
"FL18-67",252,50,"126","N","",NA,NA,"Fault","",""
"FL18-67",54,85,"4","R","dark green",NA,NA,"Fault","",""
"FL18-67 A",36,81,"150","L","damage zone","-17.906566","66.137082","Fault","",""
"FL18-67 A",217,54,"45","N","","-17.906566","66.137082","Fault","",""
"FL18-67 A",330,66,"100","N","white","-17.906566","66.137082","Fault","",""
"FL18-67 A",168,81,"125","N","damage zone","-17.906566","66.137082","Fault","",""
"FL18-67 A",348,85,"155","R","","-17.906566","66.137082","Fault","",""
"FL18-67 A",14,70,"55","T","orange, green gouge","-17.906566","66.137082","Fault","",""
"FL18-67 A",191,85,"105","T","","-17.906566","66.137082","Fault","",""
"FL18-67 A",90,60,"","","","-17.906566","66.137082","dike","50",""
"FL18-67 A",101,40,"","","no veins inside","-17.906566","66.137082","dike","30",""
"FL18-67 A",85,58,"","","reddish brown","-17.906566","66.137082","dike","20",""
"FL18-67 B",320,90,"75","N","","-17.905902","66.137011","Fault","",""
"FL18-67 B",346,56,"8","R","","-17.905902","66.137011","Fault","",""
"FL18-67 B",0,60,"70","N","gouge","-17.905902","66.137011","Fault","",""
"FL18-67 B",166,80,"150","R","","-17.905902","66.137011","Fault","",""
"FL18-67 B",126,90,"60","T","","-17.905902","66.137011","Fault","",""
"FL18-67 B",320,90,"130","T","","-17.905902","66.137011","Fault","",""
"FL18-67 C",46,77,"135","L","","-17.904605","66.136679","Fault","",""
"FL18-67 C",66,75,"14","L","","-17.904605","66.136679","Fault","",""
"FL18-67 C",115,60,"","","black","-17.904605","66.136679","dike","5",""
"FL18-67 D",105,60,"","","","-17.90346","66.13646","dike",NA,""
"FL18-67 E",228,80,"40","L","","-17.902025","66.136361","Fault","",""
"FL18-67 E",54,86,"150","L","","-17.902025","66.136361","Fault","",""
"FL18-67 E",13,57,"90","N","","-17.902025","66.136361","Fault","",""
"FL18-67 E",280,72,"90","N","","-17.902025","66.136361","Fault","",""
"FL18-67 E",234,71,"82","N","","-17.902025","66.136361","Fault","",""
"FL18-68",15,80,"0","L","",NA,NA,"Fault","",""
"FL18-68",75,62,"12","L","red, white, green",NA,NA,"Fault","",""
"FL18-68",205,88,"19","L","",NA,NA,"Fault","",""
"FL18-68",70,70,"0","L","",NA,NA,"Fault","",""
"FL18-68",94,63,"3","R","",NA,NA,"Fault","",""
"FL18-68 A",116,61,"149","L","","-17.918537","66.140585","Fault","",""
"FL18-68 A",51,69,"8","L","","-17.918537","66.140585","Fault","",""
"FL18-68 A",314,76,"30","L","","-17.918537","66.140585","Fault","",""
"FL18-68 A",266,67,"25","R","","-17.918537","66.140585","Fault","",""
"FL18-68 A",95,85,"166","R","","-17.918537","66.140585","Fault","",""
"FL18-68 A",112,61,"","","","-17.918537","66.140585","dike","10","tapers"
"FL18-68 B",109,67,"150","L","","-17.918244","66.140438","Fault","",""
"FL18-68 C",125,70,"32","L","","-17.917953","66.140264","Fault","",""
"FL18-68 C",16,52,"30","L","red brown","-17.917953","66.140264","Fault","",""
"FL18-68 C",95,60,"30","R","red, white","-17.917953","66.140264","Fault","",""
"FL18-68 C",68,50,"5","R","red, white","-17.917953","66.140264","Fault","",""
"FL18-68 D",80,60,"157","R","dark red brown, white","-17.917516","66.140075","Fault","",""
"FL18-68 D",315,66,"135","N","","-17.917516","66.140075","Fault","",""
"FL18-68 E",1,60,"150","L","",NA,NA,"Fault","",""
"FL18-68 E",46,66,"0","L","",NA,NA,"Fault","",""
"FL18-68 F",130,75,"10","L","no minerals","-17.916825","66.139532","Fault","",""
"FL18-68 F",40,80,"0","L","white","-17.916825","66.139532","Fault","",""
"FL18-68 F",54,75,"8","L","green, white","-17.916825","66.139532","Fault","",""
"FL18-68 F",150,85,"150","L","green ","-17.916825","66.139532","Fault","",""
"FL18-68 G",338,84,"5","L","","-17.916764","66.13928","Fault","",""
"FL18-69 B",124,60,"8","L","","-17.960191","66.150129","Fault","",""
"FL18-69 B",104,63,"24","L","","-17.960191","66.150129","Fault","",""
"FL18-69 B",321,84,"24","L","","-17.960191","66.150129","Fault","",""
"FL18-69 C",319,66,"24","L","","-17.958876","66.149965","Fault","",""
"FL18-69 C",8,45,"85","N","","-17.958876","66.149965","Fault","",""
"FL18-69 C",122,50,"50","N","","-17.958876","66.149965","Fault","",""
"FL18-69 C",130,85,"","","","-17.958876","66.149965","dike","1500",""
"FL18-69 C",61,55,"","","","-17.958876","66.149965","dike","75",""
"FL18-69 C",102,65,"","","","-17.958876","66.149965","dike","1500",""
"FL18-69 C",24,40,"","","","-17.958876","66.149965","dike","150","irregular"
"FL18-69 D",68,82,"125","T","","-17.958519","66.149814","Fault","",""
"FL18-69 D",73,49,"8","R","","-17.958519","66.149814","Fault","",""
"FL18-69 D",68,82,"106","T","","-17.958519","66.149814","Fault","",""
"FL18-69 D",56,72,"","","","-17.958519","66.149814","dike",NA,""
"FL18-69 D",48,69,"","","","-17.958519","66.149814","dike","100",""
"FL18-69 D",50,71,"","","","-17.958519","66.149814","dike","150",""
"FL18-69 E",110,68,"170","L","","-17.95794","66.149329","Fault","",""
"FL18-69 E",47,40,"18","L","","-17.95794","66.149329","Fault","",""
"FL18-69 E",55,57,"","","","-17.95794","66.149329","dike","50",""
"FL18-71",272,80,"0","L","red",NA,NA,"Fault","",""
"FL18-71",274,10,"170","L","red",NA,NA,"Fault","",""
"FL18-71",65,30,"30","L","red",NA,NA,"Fault","",""
"FL18-71",225,62,"135","N","green",NA,NA,"Fault","",""
"FL18-71",272,60,"95","T","green",NA,NA,"Fault","",""
"FL18-71 C",44,80,"55","N","","-17.932578","66.147273","Fault","",""
"FL18-71 C",130,77,"","","brown","-17.932578","66.147273","dike",NA,""
"FL18-71 C",120,90,"","","","-17.932578","66.147273","dike",NA,"iffy dip"
"FL18-71 C",136,71,"","","brown, fine grained","-17.932578","66.147273","dike",NA,"wiggly"
"FL18-71 D",175,85,"160","L","green","-17.928507","66.144884","Fault","",""
"FL18-72 A",154,90,"10","L","","-17.923904","66.143816","Fault","",""
"FL18-72 A",228,68,"160","L","","-17.923904","66.143816","Fault","",""
"FL18-72 A",45,70,"160","L","green","-17.923904","66.143816","Fault","",""
"FL18-72 A",15,38,"65","N","","-17.923904","66.143816","Fault","",""
"FL18-72 A",333,50,"160","L","green, red","-17.923904","66.143816","Fault","",""
"FL18-72 A",248,50,"135","L","green, red","-17.923904","66.143816","Fault","",""
"FL18-72 B",125,72,"165","L","","-17.922664","66.143373","Fault","",""
"FL18-72 B",340,80,"5","L","","-17.922664","66.143373","Fault","",""
"FL18-72 B",10,60,"24","L","","-17.922664","66.143373","Fault","",""
"FL18-72 B",204,86,"168","L","","-17.922664","66.143373","Fault","",""
"FL18-72 B",68,75,"180","R","dirt or clay on surface","-17.922664","66.143373","Fault","",""
"FL18-72 B",74,90,"175","R","","-17.922664","66.143373","Fault","",""
"FL18-72 D",85,70,"","","fractures, chillded margins?","-17.921916","66.142566","dike",NA,"very iffy"
"FL18-72 D",90,90,"","","fresh, black","-17.921916","66.142566","dike","600",""
"FL18-72 D",110,90,"","","fresh, brown","-17.921916","66.142566","dike","1000","approximate measurement"
"FL18-72 D",90,90,"","","brown","-17.921916","66.142566","dike","800","wiggly margin"
"FL18-72 F",347,66,"10","L","green","-17.920678","66.141609","Fault","",""
"FL18-72 F",120,90,"166","R","red, white","-17.920678","66.141609","Fault","",""
"FL18-95 A",45,34,"50","N","red","-17.898568","66.136126","Fault","",""
"FL18-95 A",130,74,"160","L","","-17.898568","66.136126","Fault","",""
"FL18-95 A",175,74,"164","L","red","-17.898568","66.136126","Fault","",""
"FL18-95 A",3,70,"123","N","tan slicks","-17.898568","66.136126","Fault","",""
"FL18-95 A",11,72,"25","R","red","-17.898568","66.136126","Fault","",""
"FL18-95 A",285,85,"160","L","red","-17.898568","66.136126","Fault","",""
"FL18-95 A",112,55,"180","R","red","-17.898568","66.136126","Fault","",""
"FL18-95 A",15,70,"125","N","","-17.898568","66.136126","Fault","",""
"FL18-95 A",343,60,"58","T","","-17.898568","66.136126","Fault","",""
"FL18-95 A",0,83,"130","N","","-17.898568","66.136126","Fault","",""
"FL18-95 B",39,75,"73","N","","-18.205","65.962995","Fault","",""
"FL18-95 B",39,75,"73","N","","-17.897548","66.135825","Fault","",""
"FL18-95 B",19,75,"105","N","green","-18.205","65.962995","Fault","",""
"FL18-95 B",19,75,"105","N","green","-17.897548","66.135825","Fault","",""
"FL18-95 B",35,74,"122","N","","-18.205","65.962995","Fault","",""
"FL18-95 B",35,74,"122","N","","-17.897548","66.135825","Fault","",""
"FL18-95 B",74,58,"66","N","","-18.205","65.962995","Fault","",""
"FL18-95 B",74,58,"66","N","","-17.897548","66.135825","Fault","",""
"FL18-95 B",272,55,"0","L","","-18.205","65.962995","Fault","",""
"FL18-95 B",272,55,"0","L","","-17.897548","66.135825","Fault","",""
"FL18-95 B",80,60,"30","R","","-18.205","65.962995","Fault","",""
"FL18-95 B",80,60,"30","R","","-17.897548","66.135825","Fault","",""
"FL18-95 B",325,61,"120","N","","-18.205","65.962995","Fault","",""
"FL18-95 B",325,61,"120","N","","-17.897548","66.135825","Fault","",""
"FL18-95 C",45,66,"85","N","","-18.206796","65.963536","Fault","",""
"FL18-95 C",45,66,"85","N","","-17.896653","66.1354","Fault","",""
"FL18-95 C",32,71,"52","T","","-18.206796","65.963536","Fault","",""
"FL18-95 C",32,71,"52","T","","-17.896653","66.1354","Fault","",""
"FL18-95 C",154,51,"","","","-18.206796","65.963536","dike","200",""
"FL18-95 C",154,51,"","","","-17.896653","66.1354","dike","200",""
"FL18-95 D",22,58,"50","N","","-17.895946","66.134969","Fault","",""
"FL18-95 E",255,60,"170","L","","-17.89561","66.134232","Fault","",""
"FL18-95 E",20,76,"35","L","","-17.89561","66.134232","Fault","",""
"FL18-95 E",355,70,"80","N","","-17.89561","66.134232","Fault","",""
"FL18-95 E",342,86,"130","N","","-17.89561","66.134232","Fault","",""
"FL18-95 E",80,38,"105","N","","-17.89561","66.134232","Fault","",""
"FL18-95 E",132,90,"25","R","green, red, no minerals","-17.89561","66.134232","Fault","",""
"FL18-95 E",334,70,"130","N","","-17.89561","66.134232","Fault","",""
"FL18-95 E",323,72,"140","R","","-17.89561","66.134232","Fault","",""
"FL18-95 E",358,56,"105","N","","-17.89561","66.134232","Fault","",""
"FL18-95 E",65,69,"60","T","","-17.89561","66.134232","Fault","",""
"FL18-95 G",132,75,"140","L","","-17.893348","66.133451","Fault","",""
"FL18-95 G",330,85,"80","N","","-17.893348","66.133451","Fault","",""
"FL18-95 G",13,69,"115","N","","-17.893348","66.133451","Fault","",""
"FL18-95 G",158,70,"90","N","","-17.893348","66.133451","Fault","",""
"FL18-95 G",96,65,"45","R","red","-17.893348","66.133451","Fault","",""
"FL18-95 G",145,68,"140","R","red, white, green","-17.893348","66.133451","Fault","",""
"FL18-96 A",158,80,"","","fine grained, brown","-18.19987","65.959818","dike",NA,""
"FL18-96 A",168,90,"","","","-18.19987","65.959818","dike","800",""
"FL18-97 B",30,55,"80","N","","-18.203917","65.934943","Fault","",""
"FL18-97 C",130,90,"","","","-18.197146","65.943649","dike","50",""
"FL18-97 C",0,90,"","","","-18.197146","65.943649","dike",NA,"Unsure"
"FL18-97 C",0,80,"","","","-18.197146","65.943649","dike","300","not sure its a dike"
"FL18-98",228,81,"12","L","","-18.128531","65.943643","Fault","",""
"FL18-98",202,88,"52","N","","-18.128531","65.943643","Fault","",""
"FL18-98",173,72,"95","N","","-18.128531","65.943643","Fault","",""
"FL18-98 A",171,90,"11","L","white",NA,NA,"Fault","",""
"FL18-98 B",176,83,"2","L","white","-18.120064","65.940423","Fault","",""
"FL18-98 B",351,84,"","","","-18.120064","65.940423","dike","1200",""
"FL18-98 B",347,84,"","","","-18.120064","65.940423","dike","500",""
"FL18-99 A",10,60,"60","N","","-18.077654","66.154132","Fault","",""
"FL18-99 A",100,85,"155","L","","-18.077654","66.154132","Fault","",""
"FL18-99 A",21,62,"40","L","","-18.077654","66.154132","Fault","",""
"FL18-99 A",53,36,"14","L","","-18.077654","66.154132","Fault","",""
"FL18-99 A",280,76,"57","N","red, white","-18.077654","66.154132","Fault","",""
"FL18-99 A",55,23,"154","R","red, white","-18.077654","66.154132","Fault","",""
"FL18-99 A",358,37,"40","R","","-18.077654","66.154132","Fault","",""
"FL18-99 A",290,3,"40","R","","-18.077654","66.154132","Fault","",""
"FL18-99 A",105,70,"","","brown","-18.077654","66.154132","dike","500",""
"FL18-99 C",0,50,"45","N","brown","-18.078043","66.153571","Fault","",""
"FL18-99 C",72,46,"40","R","","-18.078043","66.153571","Fault","",""
"FL18-99 C",269,69,"15","L","","-18.078043","66.153571","Fault","",""
"FL18-99 C",325,64,"60","N","","-18.078043","66.153571","Fault","",""
"FL18-99 C",122,90,"135","N","","-18.078043","66.153571","Fault","",""
"FL18-99 C",122,90,"135","N","","-18.078043","66.153571","Fault","",""
"FL18-99 C",334,60,"40","R","","-18.078043","66.153571","Fault","",""
"FL18-99 D",95,64,"8","L","","-18.078321","66.153166","Fault","",""
"FL18-99 D",82,81,"8","L","","-18.078321","66.153166","Fault","",""
"FL18-99 D",136,90,"107","T","","-18.078321","66.153166","Fault","",""
"FL18-99 E",72,55,"85","N","brown, red","-18.078672","66.152855","Fault","",""
"FL18-99 E",258,85,"70","N","","-18.078672","66.152855","Fault","",""
"FL18-99 E",313,66,"65","N","","-18.078672","66.152855","Fault","",""
"FL18-99 E",48,52,"83","N","","-18.078672","66.152855","Fault","",""
"FL18-99 E",127,75,"90","N","","-18.078672","66.152855","Fault","",""
"FL18-99 E",12,50,"150","R","","-18.078672","66.152855","Fault","",""
"FL18-99 E",340,45,"145","R","gouge","-18.078672","66.152855","Fault","",""
"FL18-99 E",85,83,"","","","-18.078672","66.152855","dike","50",""
"FL18-99 E",110,74,"","","brown","-18.078672","66.152855","dike","600",""
"FL18-99 E",105,71,"","","brown","-18.078672","66.152855","dike","75",""
"FL18-99 E",62,82,"","","black","-18.078672","66.152855","dike","30",""
"FL18-99 F",102,65,"","","","-18.07945","66.152442","dike","300",""
"FL18-99 G",55,63,"143","R","red, white","-18.080251","66.152035","Fault","",""
"FL18-99 G",355,50,"143","R","red","-18.080251","66.152035","Fault","",""
"FL18-99 G",85,80,"","","black","-18.080251","66.152035","dike","10",""
"FL18-99 H",76,85,"125","T","","-18.081362","66.15148","Fault","",""
"FL18-99 H",68,60,"162","L","","-18.081362","66.15148","Fault","",""
"FL18-99 H",226,82,"5","L","red, white","-18.081362","66.15148","Fault","",""
"FL18-99 H",320,53,"135","N","","-18.081362","66.15148","Fault","",""
"FL18-99 H",63,65,"115","N","","-18.081362","66.15148","Fault","",""
"TJ14-01",156,81,"151","L","","-17.35307","66.06437","Fault","",""
"TJ14-02",180,82,"172","L","white","-17.35307","66.06437","Fault","",""
"TJ14-02",155,88,"20","L","white, pink","-17.35307","66.06437","Fault","",""
"TJ14-02",9,88,"0","L","","-17.35307","66.06437","Fault","",""
"TJ14-02",174,85,"162","L","pink ","-17.35307","66.06437","Fault","",""
"TJ14-02",149,80,"162","R","","-17.35307","66.06437","Fault","",""
"TJ14-02",135,85,"110","N","pink","-17.35307","66.06437","Fault","",""
"TJ14-03",122,64,"167","R","red","-17.35241","66.06578","Fault","",""
"TJ14-03",151,75,"12","R","red","-17.35241","66.06578","Fault","",""
"TJ14-03",147,87,"12","R","","-17.35241","66.06578","Fault","",""
"TJ14-03",125,84,"19","R","","-17.35241","66.06578","Fault","",""
"TJ14-04",81,54,"46","N","","-17.35241","66.06578","Fault","",""
"TJ14-04",145,86,"180","R","","-17.35241","66.06578","Fault","",""
"TJ14-04",125,90,"4","R","","-17.35241","66.06578","Fault","",""
"TJ14-04",124,63,"180","R","red","-17.35241","66.06578","Fault","",""
"TJ14-05",355,78,"25","L","","-17.35241","66.06578","Fault","",""
"TJ14-05",340,86,"23","L","red","-17.35241","66.06578","Fault","",""
"TJ14-05",226,42,"107","N","red","-17.35241","66.06578","Fault","",""
"TJ14-05",126,63,"164","R","","-17.35241","66.06578","Fault","",""
"TJ14-05",221,88,"98","T","red","-17.35241","66.06578","Fault","",""
"TJ14-05",44,81,"34","R","","-17.35241","66.06578","Fault","",""
"TJ14-07",270,83,"168","R","white","-17.35241","66.06578","Fault","",""
"TJ14-07",353,85,"","","","-17.35241","66.06578","dike",NA,""
"TJ14-07",128,88,"","","","-17.35241","66.06578","dike",NA,""
"TJ14-09",183,74,"165","R","","-17.35241","66.06578","Fault","",""
"TJ14-10",44,70,"27","L","","-17.3518","66.06718","Fault","",""
"TJ14-10",206,79,"","","","-17.3518","66.06718","dike",NA,"photo"
"TJ14-10",95,64,"","","","-17.3518","66.06718","dike",NA,"small"
"TJ16-21",0,90,"","","","-17.35711","66.07323","dike",NA,""
"TJ16-21",40,90,"","","","-17.35711","66.07323","dike",NA,""
"TJ16-21",75,90,"","","","-17.35711","66.07323","dike","2000","compound, fractured"
"TJ16-25",180,80,"","","","-17.35831","66.07395","dike",NA,""
"TJ16-25",210,80,"","","brown","-17.35831","66.07395","dike",NA,"brown, massive"
"TJ16-25",35,90,"","","","-17.35831","66.07395","dike","100",""
"TJ16-25",80,70,"","","","-17.35831","66.07395","dike","300",""
"TJ16-25",70,80,"","","","-17.35831","66.07395","dike",NA,""
"TJ17-36 A",10,78,"13","L","","-17.35680072","66.07269231","Fault","",""
"TJ17-36 A",56,76,"14","L","","-17.35680072","66.07269231","Fault","",""
"TJ17-36 A",87,45,"158","R","","-17.35680072","66.07269231","Fault","",""
"TJ17-36 A",135,78,"","","","-17.35680072","66.07269231","dike",NA,""
"TJ17-36 A",110,90,"","","","-17.35680072","66.07269231","dike",NA,""
"TJ17-36 A",160,88,"","","","-17.35680072","66.07269231","dike",NA,""
"TJ17-36 B",53,83,"26","L","","-17.35702198","66.07322028","Fault","",""
"TJ17-36 B",58,85,"10","L","","-17.35702198","66.07322028","Fault","",""
"TJ17-36 B",89,51,"15","L","red","-17.35702198","66.07322028","Fault","",""
"TJ17-36 B",198,82,"158","R","","-17.35702198","66.07322028","Fault","",""
"TJ17-36 B",87,45,"158","R","","-17.35702198","66.07322028","Fault","",""
"TJ17-36 B",198,85,"168","R","","-17.35702198","66.07322028","Fault","",""
"TJ17-36 B",45,90,"","","","-17.35702198","66.07322028","dike",NA,""
"TJ17-36 B",336,73,"","","","-17.35702198","66.07322028","dike",NA,""
"TJ17-36 B",161,86,"","","","-17.35702198","66.07322028","dike",NA,""
"TJ17-36 C",92,75,"5","L","","-17.35816171","66.0736494","Fault","",""
"TJ17-36 C",45,85,"52","N","","-17.35816171","66.0736494","Fault","",""
"TJ17-36 C",240,40,"165","R","","-17.35816171","66.0736494","Fault","",""
"TJ17-36 C",273,72,"140","L","","-17.35816171","66.0736494","Fault","",""
"TJ17-36 C",246,81,"149","L","","-17.35816171","66.0736494","Fault","",""
"TJ17-36 C",75,78,"","","","-17.35816171","66.0736494","dike",NA,"same"
"TJ17-36 C",115,75,"","","","-17.35816171","66.0736494","dike",NA,"same"
"TJ17-36 C",90,72,"","","","-17.35816171","66.0736494","dike","100",""
"TJ17-36 C",225,80,"","","","-17.35816171","66.0736494","dike",NA,""
"TJ17-37 A",186,71,"14","L","veins","-17.35376184","66.0647537","Fault","",""
"TJ17-37 A",180,81,"3","L","veins","-17.35376184","66.0647537","Fault","",""
"TJ17-37 A",193,89,"147","L","","-17.35376184","66.0647537","Fault","",""
"TJ17-37 A",193,90,"171","L","","-17.35376184","66.0647537","Fault","",""
"TJ17-37 A",196,50,"170","L","red","-17.35376184","66.0647537","Fault","",""
"TJ17-37 A",3,87,"21","L","pink","-17.35376184","66.0647537","Fault","",""
"TJ17-37 A",200,79,"178","L","red","-17.35376184","66.0647537","Fault","",""
"TJ17-37 A",5,73,"21","L","","-17.35376184","66.0647537","Fault","",""
"TJ17-37 A",188,78,"146","L","red","-17.35376184","66.0647537","Fault","",""
"TJ17-37 A",200,82,"175","L","","-17.35376184","66.0647537","Fault","",""
"TJ17-37 A",185,70,"156","L","red","-17.35376184","66.0647537","Fault","",""
"TJ17-37 A",54,50,"158","L","","-17.35376184","66.0647537","Fault","",""
"TJ17-37 A",19,68,"22","L","","-17.35376184","66.0647537","Fault","",""
"TJ17-37 A",109,59,"153","L","","-17.35376184","66.0647537","Fault","",""
"TJ17-37 A",337,78,"167","L","","-17.35376184","66.0647537","Fault","",""
"TJ17-37 A",241,75,"33","L","","-17.35376184","66.0647537","Fault","",""
"TJ17-37 A",166,66,"165","L","red","-17.35376184","66.0647537","Fault","",""
"TJ17-37 A",343,83,"44","L","","-17.35376184","66.0647537","Fault","",""
"TJ17-37 A",337,78,"31","L","","-17.35376184","66.0647537","Fault","",""
"TJ17-37 A",155,67,"134","N","","-17.35376184","66.0647537","Fault","",""
"TJ17-37 A",100,84,"167","R","red","-17.35376184","66.0647537","Fault","",""
"TJ17-37 A",145,90,"150","R","","-17.35376184","66.0647537","Fault","",""
"TJ17-37 A",163,85,"159","R","","-17.35376184","66.0647537","Fault","",""
"TJ17-37 A",155,73,"169","R","","-17.35376184","66.0647537","Fault","",""
"TJ17-37 A",135,72,"169","R","","-17.35376184","66.0647537","Fault","",""
"TJ17-37 A",196,87,"155","R","","-17.35376184","66.0647537","Fault","",""
"TJ17-37 A",147,58,"169","R","red","-17.35376184","66.0647537","Fault","",""
"TJ17-37 A",119,79,"172","R","pink","-17.35376184","66.0647537","Fault","",""
"TJ17-37 A",135,78,"168","R","red","-17.35376184","66.0647537","Fault","",""
"TJ17-37 A",153,79,"","","","-17.35376184","66.0647537","dike",NA,""
"TJ17-37 B",7,73,"0","L","","-17.35402455","66.06556924","Fault","",""
"TJ17-37 B",154,78,"163","L","","-17.35402455","66.06556924","Fault","",""
"TJ17-37 B",173,85,"149","L","red","-17.35402455","66.06556924","Fault","",""
"TJ17-37 B",112,70,"180","R","","-17.35402455","66.06556924","Fault","",""
"TJ17-37 B",205,73,"162","R","red","-17.35402455","66.06556924","Fault","",""
"TJ17-37 B",101,72,"169","R","red","-17.35402455","66.06556924","Fault","",""
"TJ17-37 B",180,90,"","","","-17.35402455","66.06556924","dike",NA,""
"TJ17-37 B",327,78,"","","","-17.35402455","66.06556924","dike","200","same"
"TJ17-37 B",327,58,"","","","-17.35402455","66.06556924","dike","200","same"
"TJ17-37 B",322,78,"","","","-17.35402455","66.06556924","dike",NA,"fat"
"TJ17-37 C",202,72,"172","L","",NA,NA,"Fault","",""
"TJ17-37 C",206,76,"168","L","",NA,NA,"Fault","",""
"TJ17-37 C",210,56,"171","L","",NA,NA,"Fault","",""
"TJ17-37 C",38,58,"112","N","",NA,NA,"Fault","",""
"TJ17-37 C",176,61,"92","N","",NA,NA,"Fault","",""
"TJ17-37 C",152,57,"161","R","",NA,NA,"Fault","",""
"TJ17-37 C",196,88,"76","T","",NA,NA,"Fault","",""
"TJ17-37 D",175,73,"135","N","","-17.35131718","66.06781389","Fault","",""
"TJ17-37 D",87,85,"115","T","","-17.35131718","66.06781389","Fault","",""
"TJ17-37 E",65,76,"43","L","pink","-17.35007041","66.06941297","Fault","",""
"TJ17-37 E",149,62,"138","L","","-17.35007041","66.06941297","Fault","",""
"TJ17-37 E",85,58,"","","","-17.35007041","66.06941297","dike",NA,""
"TJ17-37 E",45,90,"","","","-17.35007041","66.06941297","dike",NA,"big"
"TJ17-37 E",195,82,"","","","-17.35007041","66.06941297","dike",NA,""
"TJ17-37 E",115,70,"","","","-17.35007041","66.06941297","dike","200",""
"TJ17-37 E",107,78,"","","","-17.35007041","66.06941297","dike",NA,"not fractured"
"TJ17-37 E",155,85,"","","","-17.35007041","66.06941297","dike",NA,"not fractured"
"TJ17-37 E",175,86,"","","","-17.35007041","66.06941297","dike",NA,"not fractured"
"TJ17-37 E",197,75,"","","","-17.35007041","66.06941297","dike",NA,""
"TJ17-37 E",190,89,"","","","-17.35007041","66.06941297","dike",NA,""
"TJ17-38",90,68,"24","L","red","-17.34243463","66.09481103","Fault","",""
"TJ17-38",178,70,"164","L","red","-17.34243463","66.09481103","Fault","",""
"TJ17-38",246,86,"7","L","red","-17.34243463","66.09481103","Fault","",""
"TJ17-38",352,86,"28","L","","-17.34243463","66.09481103","Fault","",""
"TJ17-38",319,78,"5","R","","-17.34243463","66.09481103","Fault","",""
"TJ17-38",278,90,"172","R","","-17.34243463","66.09481103","Fault","",""
"TJ17-38",335,70,"45","R","big","-17.34243463","66.09481103","Fault","",""
"TJ17-38",120,75,"","","fresh","-17.34243463","66.09481103","dike","50","fresh"
"TJ17-38",145,57,"","","","-17.34243463","66.09481103","dike","5","terminates"
"TJ17-38",120,70,"","","","-17.34243463","66.09481103","dike","40","intact, cuts gouge"
"TJ17-38",315,82,"","","red brown","-17.34243463","66.09481103","dike","13","red brown, undefm"
"TJ17-39",300,80,"0","L","","-17.36102361","66.07734889","Fault","",""
"TJ17-39",76,72,"0","L","red","-17.36102361","66.07734889","Fault","",""
"TJ17-39",24,87,"175","L","","-17.36102361","66.07734889","Fault","",""
"TJ17-39",22,64,"6","L","big","-17.36102361","66.07734889","Fault","",""
"TJ17-39",4,81,"32","L","","-17.36102361","66.07734889","Fault","",""
"TJ17-39",214,76,"175","L","","-17.36102361","66.07734889","Fault","",""
"TJ17-39",5,50,"116","N","","-17.36102361","66.07734889","Fault","",""
"TJ17-39",280,83,"130","N","","-17.36102361","66.07734889","Fault","",""
"TJ17-39",187,66,"110","N","red","-17.36102361","66.07734889","Fault","",""
"TJ17-39",342,64,"80","N","red","-17.36102361","66.07734889","Fault","",""
"TJ17-39",33,67,"48","N","","-17.36102361","66.07734889","Fault","",""
"TJ17-39",30,80,"34","R","","-17.36102361","66.07734889","Fault","",""
"TJ17-39",186,88,"166","R","","-17.36102361","66.07734889","Fault","",""
"TJ17-39",62,68,"31","R","red","-17.36102361","66.07734889","Fault","",""
"TJ17-39",16,53,"62","T","","-17.36102361","66.07734889","Fault","",""
"TJ17-39",288,54,"115","T","red","-17.36102361","66.07734889","Fault","",""
"TJ17-39",173,78,"","","","-17.36102361","66.07734889","dike","500",""
"TJ17-39",165,75,"","","","-17.36102361","66.07734889","dike","5",""
"TJ17-39",100,68,"","","black","-17.36102361","66.07734889","dike",NA,"black"
"TJ17-39",145,81,"","","","-17.36102361","66.07734889","dike",NA,"very fractured"
"TJ17-39",152,71,"","","","-17.36102361","66.07734889","dike","250","faulted"
"TJ17-39",228,85,"","","brown","-17.36102361","66.07734889","dike","50","brown"
"TJ17-39",63,68,"","","black","-17.36102361","66.07734889","dike","30","black, squiggly"
"TJ17-39",20,66,"","","","-17.36102361","66.07734889","dike","1000","zone"
"TJ17-39",22,77,"","","","-17.36102361","66.07734889","dike",NA,"zone"
"TJ17-39",22,78,"","","","-17.36102361","66.07734889","dike",NA,"zone"
"TJ17-39",23,67,"","","","-17.36102361","66.07734889","dike",NA,""
"TJ17-40",80,78,"","","","-17.29896873","66.09976754","dike",NA,""
"TJ17-40",59,64,"","","","-17.29896873","66.09976754","dike",NA,""
"TJ17-40",61,80,"","","","-17.29896873","66.09976754","dike",NA,""
"TJ18-37 A",152,82,"","","","-17.356485","66.072575","dike",NA,""
"TJ18-37 A",339,90,"","","","-17.356485","66.072575","dike","400",""
"TJ18-37 E",328,88,"","","","-17.357142","66.073263","dike",NA,"iffy"
"TJ18-37 F",347,80,"12","R","red, white","-17.357347","66.073387","Fault","",""
"TJ18-37 J",130,80,"","","fine grained sand-like basalt","-17.35826","66.073777","dike","500","pretty iffy. margin went more like 005 75 W"
"TJ18-37 K",92,72,"","","","-17.358317","66.073988","dike","400","measured fractures not margin"
"TJ18-37 K",96,84,"","","fresh","-17.358317","66.073988","dike","100",""
"TJ18-37 M",152,57,"159","R","","-17.35954","66.0746","Fault","",""
"TJ18-37 M",150,60,"160","R","","-17.35954","66.0746","Fault","",""
"TJ18-37 M",163,66,"146","R","","-17.35954","66.0746","Fault","",""
"TJ18-37 M",148,66,"153","R","","-17.35954","66.0746","Fault","",""
"TJ18-37 N",206,70,"","","","-17.360225","66.074695","dike","1.4",""
"TJ18-37 N",22,78,"","","","-17.360225","66.074695","dike",NA,""
"TJ18-37 O",165,75,"","","","-17.360317","66.074809","dike","500",""
"TJ18-37 QR",58,63,"33","L","",NA,NA,"Fault","",""
"TJ18-37 V",26,70,"15","R","red","-17.362723","66.076814","Fault","",""
"TJ18-37 W",35,85,"15","L","red, white","-17.362932","66.076917","Fault","",""
"TJ18-37 W",185,82,"155","L","","-17.362932","66.076917","Fault","",""
"TJ18-37 W",34,67,"51","N","red","-17.362932","66.076917","Fault","",""
"TJ18-37 W",183,82,"170","R","","-17.362932","66.076917","Fault","",""
"TJ18-37 Y",357,90,"175","R","red, white","-17.362458","66.077361","Fault","",""
"TJ18-37 Z",74,72,"0","L","","-17.3619","66.077436","Fault","",""
"TJ18-41 B",326,78,"10","R","","-17.355579","66.059025","Fault","",""
"TJ18-42",110,90,"175","R","",NA,NA,"Fault","",""
"TJ18-42 A",155,63,"142","R","red","-17.343823","66.096443","Fault","",""
"TJ18-42 A",35,74,"177","R","red","-17.343823","66.096443","Fault","",""
"TJ18-42 H",130,80,"150","R","red ","-17.349076","66.096024","Fault","",""
"TJ18-44",160,90,"143","R","red","-17.333775","66.027021","Fault","",""
"TJ18-45",70,62,"0","L","pink","-17.297863","66.043348","Fault","",""
"TJ18-45",55,75,"21","L","","-17.297863","66.043348","Fault","",""
"TJ18-45",80,63,"15","L","","-17.297863","66.043348","Fault","",""
"TJ18-45",78,60,"10","L","","-17.297863","66.043348","Fault","",""
"TJ18-45",95,75,"30","L","","-17.297863","66.043348","Fault","",""
"TJ18-45 B",92,58,"88","N","","-17.296997","66.042968","Fault","",""
"TJ18-45 D",67,72,"172","L","red","-17.302459","66.0455","Fault","",""
"TJ18-45 D",96,72,"0","L","white, pink","-17.302459","66.0455","Fault","",""
"TJ18-45 D",76,52,"86","N","white, red","-17.302459","66.0455","Fault","",""
"TJ18-47 H",20,90,"","","","-17.37556","66.026767","dike","100","iffy dip"
"TJ18-47 H",17,90,"","","","-17.37556","66.026767","dike","20","iffy dip"
"TJ18-47 H",38,90,"","","","-17.37556","66.026767","dike","20","iffy dip"
"TJ18-47 H",50,90,"","","","-17.37556","66.026767","dike","20","iffy dip"
"TJ18-47 J",110,90,"","","","-17.376305","66.02632","dike",NA,"very iffy, branches and seems closer to 130 later"
"TJ18-47 N",205,80,"","","","-17.378503","66.025205","dike","10",""
"TJ18-47 N",205,80,"","","","-17.378503","66.025205","dike","10",""
"TJ18-48 A",240,80,"","","","-17.379867","66.020108","dike","70",""
"TJ18-48 A",135,90,"","","","-17.379867","66.020108","dike",NA,""
"TJ18-48 A",315,85,"","","","-17.379867","66.020108","dike","100","wiggly"
"TJ18-48 B",243,60,"","","","-17.381098","66.019618","dike","50","wiggly and branching"
"TJ18-49 C",20,90,"","","","-17.289322","66.105351","dike","100","iffy"
"TJ18-49 D",8,60,"","","","-17.290972","66.105207","dike",NA,""
"TJ18-49 D",8,60,"","","","-17.290972","66.105207","dike",NA,"unsure"
"TJ18-49 E",35,61,"","","","-17.293017","66.10505","dike","40",""
"TJ18-49 E",100,90,"","","","-17.293017","66.10505","dike",NA,"not very continuous dike. Other side was 093 80 S"
"TR18-10",210,85,"","","","-18.53254","65.998313","dike","800",""
"TR18-10",200,82,"","","black","-18.53254","65.998313","dike","200",""
"TR18-10",190,80,"","","","-18.53254","65.998313","dike","300",""
"TR18-10",200,83,"","","","-18.53254","65.998313","dike","800",""
"TR18-10",180,85,"","","","-18.53254","65.998313","dike","300",""
"TR18-10",180,85,"","","","-18.53254","65.998313","dike","200",""
"TR18-10",210,83,"","","","-18.53254","65.998313","dike","800",""
"TR18-11",353,90,"5","L","grey","-18.515377","66.024071","Fault","",""
"TR18-11",350,84,"0","L","","-18.515377","66.024071","Fault","",""
"TR18-11",143,90,"168","R","grey","-18.515377","66.024071","Fault","",""
"TR18-12",2,70,"60","N","",NA,NA,"Fault","",""
"TR18-12",2,70,"60","N","",NA,NA,"Fault","",""
"TR18-12",2,70,"60","N","",NA,NA,"Fault","",""
"TR18-13",21,57,"35","L","red, green","-18.627873","66.07653","Fault","",""
"TR18-13",358,68,"86","N","white","-18.627873","66.07653","Fault","",""
"TR18-13",226,82,"170","R","","-18.627873","66.07653","Fault","",""
"TR18-14",20,85,"70","N","","-18.52924","66.05984","Fault","",""
"TR18-14",24,90,"10","L","red, green","-18.52924","66.05984","Fault","",""
"TR18-14",215,80,"40","L","","-18.52924","66.05984","Fault","",""
"TR18-14",30,50,"30","L","","-18.52924","66.05984","Fault","",""
"TR18-14",231,84,"28","L","red, green, white","-18.52924","66.05984","Fault","",""
"TR18-14",337,60,"70","N","","-18.52924","66.05984","Fault","",""
"TR18-14",232,70,"60","N","","-18.52924","66.05984","Fault","",""
"TR18-14",334,53,"50","N","","-18.52924","66.05984","Fault","",""
"TR18-14",210,71,"65","N","green, orange","-18.52924","66.05984","Fault","",""
"TR18-14",10,70,"115","N","","-18.52924","66.05984","Fault","",""
"TR18-14",14,88,"52","N","red","-18.52924","66.05984","Fault","",""
"TR18-14",320,78,"180","R","red","-18.52924","66.05984","Fault","",""
"TR18-14",342,85,"16","R","red","-18.52924","66.05984","Fault","",""
"TR18-14",183,80,"135","N","","-18.52924","66.05984","Fault","",""
"TR18-14",173,90,"40","R","green, tan clay","-18.52924","66.05984","Fault","",""
"TR18-14",211,82,"","","","-18.52924","66.05984","dike",NA,""
"TR18-14",30,87,"","","","-18.52924","66.05984","dike","0.5",""
